No.168 รายงานผล,Lab Code,รายงานผล,RBC,WBC,PLT,Hb,Hct,MCV,MCH,MCHC,Unnamed: 11,RBC.1,WBC.1,PLT.1,Hb.1,Hct.1,MCV.1,MCH.1,MCHC.1,Unnamed: 20,Brand_N,Brand_N.1,B_M_No,3.1.2 รุ่น (Model) หากไม่มีชื่อในรายการ กรุณาเลือกอื่นๆ,โปรดระบุชื่อเครื่องมือ (Brand) หากไม่มีชื่อในรายการ,โปรดระบุชื่อรุ่น (Model) หากไม่มีชื่อในรายการ,3.1.3 ชื่อรุ่น (Model),วันที่ส่งวัตถุทดสอบ,ข้อเสนอแนะ,หมายเหตุ,หมายเหตุ แจ้งวัตถุทดสอบเสีย,Labcode_HM เดิม,Type
2,00002,R,2.17,1.43,53,5.4,16.4,75.6,24.9,32.9,,4.34,,568,15.2,45.2,104.1,35,33.6,,(500) Sysmex,500,503,"(503) XN Series (XN-10, 1000, 1500, 2000, 3000, 9000)",XN-1000,,XN1000,21 พฤษภาคม 2568,,,,HM 1364,NGPH
6,00006,R,2.19,1.42,56,5.4,16.5,75.3,24.7,32.7,,4.29,17.33,574,15.3,45.2,,35.7,33.8,,(500) Sysmex,500,503,"(503) XN Series (XN-10, 1000, 1500, 2000, 3000, 9000)",,,XN1000,14 พฤษภาคม 2568,,,,HM 32,DH
9,00009,R,2.18,1.43,62,5.3,16.5,75.7,24.3,32.1,,5.31,19.12,583,15.4,46.4,87.4,29,33.2,,(500) Sysmex,500,503,"(503) XN Series (XN-10, 1000, 1500, 2000, 3000, 9000)",,,XN1000,21 พฤษภาคม 2568,,,,HM 901,NGPH
18,00018,R,2.14,1.31,,5.4,,,25.2,23.8,,5.4,,594,15.7,46.2,85.6,29.1,34,,(500) Sysmex,500,503,"(503) XN Series (XN-10, 1000, 1500, 2000, 3000, 9000)",,,XN1000,21 พฤษภาคม 2568,,,,HM 1536,NGPH
30,00030,R,2.15,1.48,55,5.4,16.4,76.3,25.1,32.9,,5.28,19.22,595,15.4,46.6,88.3,29.2,33,,(500) Sysmex,500,503,"(503) XN Series (XN-10, 1000, 1500, 2000, 3000, 9000)",,,XN3100,21 พฤษภาคม 2568,,,,HM 866,NGPH
32,00032,R,2.25,1.53,64,5.5,17.1,76,24.4,32.2,,5.26,19.08,578,15.5,45.9,87.3,29.5,33.8,,(500) Sysmex,500,503,"(503) XN Series (XN-10, 1000, 1500, 2000, 3000, 9000)",XN-1000,,-,21 พฤษภาคม 2568,,,,HM 1422,GNPH
56,00056,R,2.21,1.57,64,5.4,17,76.9,24.4,31.8,,5.31,19.18,575,15.3,46.9,88.3,28.8,32.6,,(500) Sysmex,500,503,"(503) XN Series (XN-10, 1000, 1500, 2000, 3000, 9000)",,,XN1000,21 พฤษภาคม 2568,-,,,HM 1233,NGPH
60,00060,R,2.25,1.49,66,5.5,16.9,75.1,24.4,32.5,,4.37,17.94,568,15.3,46.1,,35,33.2,,(500) Sysmex,500,503,"(503) XN Series (XN-10, 1000, 1500, 2000, 3000, 9000)",,,XN1500,14 พฤษภาคม 2568,,,,HM 1112,GNPH
72,00072,R,2.17,1.45,69,5.4,16.4,75.6,24.9,32.9,,4.92,18.53,609,15.3,49.6,100.8,31.1,30.8,,(500) Sysmex,500,503,"(503) XN Series (XN-10, 1000, 1500, 2000, 3000, 9000)",,,XN1000,14 พฤษภาคม 2568,,,,HM 880,NGPH
78,00078,R,2.2,1.5,60,5.4,17,77.3,24.5,31.8,,5.44,19.11,613,15.5,48,88.2,28.5,32.3,,(500) Sysmex,500,503,"(503) XN Series (XN-10, 1000, 1500, 2000, 3000, 9000)",,,XN3100,14 พฤษภาคม 2568,,,,HM 846,NGPH
79,00079,R,2.19,1.46,50,5.3,16.5,75.3,24.2,32.1,,4.51,17.27,553,15.3,47.1,104.4,33.9,32.5,,(500) Sysmex,500,503,"(503) XN Series (XN-10, 1000, 1500, 2000, 3000, 9000)",,,XN1000,21 พฤษภาคม 2568,,,,HM 1390,GNPH
81,00081,R,2.25,1.51,65,5.5,16.7,74.2,24.4,32.9,,5.25,18.87,592,15.4,45.1,85.9,29.3,34.1,,(500) Sysmex,500,503,"(503) XN Series (XN-10, 1000, 1500, 2000, 3000, 9000)",,,XN1500,14 พฤษภาคม 2568,,,,HM 823,NGPH
83,00083,R,2.2,1.53,58,5.3,16.6,76,24.4,32.1,,4.29,17.86,590,15.1,44.7,104.8,35,33.6,,(500) Sysmex,500,503,"(503) XN Series (XN-10, 1000, 1500, 2000, 3000, 9000)",,,XN1000,21 พฤษภาคม 2568,,,,HM 806,NGPH
86,00086,R,2.2,1.41,62,5.4,16.2,73.6,24.5,33.3,,5.29,18.71,581,15.5,45.2,85.4,29.3,34.3,,(500) Sysmex,500,503,"(503) XN Series (XN-10, 1000, 1500, 2000, 3000, 9000)",,,XN1000,14 พฤษภาคม 2568,,,,HM 1850,NGPH
87,00087,R,2.22,1.48,66,5.4,16.6,74.8,24.3,32.5,,5.25,18.51,551,15.5,45.6,86.9,29.5,34,,(500) Sysmex,500,503,"(503) XN Series (XN-10, 1000, 1500, 2000, 3000, 9000)",,,XN1000,14 พฤษภาคม 2568,,,,HM 843,NGPH
88,00088,R,2.25,1.33,62,5.4,17.1,76,24,31.6,,5.44,,577,15.3,47.5,87.3,28.1,32.2,,(500) Sysmex,500,503,"(503) XN Series (XN-10, 1000, 1500, 2000, 3000, 9000)",,,XN1000,21 พฤษภาคม 2568,,,,HM 444,PHCH
98,00098,R,2.18,1.55,67,5.3,16.1,73.9,24.3,32.9,,5.32,19.79,587,15.5,45.7,85.9,29.1,33.9,,(500) Sysmex,500,503,"(503) XN Series (XN-10, 1000, 1500, 2000, 3000, 9000)",,,XN1000,14 พฤษภาคม 2568,,,,HM 365,PHCH
105,00105,R,2.14,1.37,83,5.3,20.8,97.2,24.8,25.5,,5.26,18.94,598,15.4,45.5,86.5,29.3,33.8,,(500) Sysmex,500,503,"(503) XN Series (XN-10, 1000, 1500, 2000, 3000, 9000)",,,XN1000,21 พฤษภาคม 2568,,,,HM 697,GNPH
109,00109,R,2.15,1.47,60,5.4,16.5,76.8,25.1,32.7,,5.21,18.63,575,15.5,45.9,88.2,29.7,33.7,,(500) Sysmex,500,503,"(503) XN Series (XN-10, 1000, 1500, 2000, 3000, 9000)",,,XN1000,21 พฤษภาคม 2568,,,,HM 859,NGPH
116,00116,R,2.29,1.48,58,5.5,17.6,76.8,24.2,31.5,,5.39,19.39,590,15.5,47.3,87.8,28.8,32.8,,(500) Sysmex,500,503,"(503) XN Series (XN-10, 1000, 1500, 2000, 3000, 9000)",,,XN1000,21 พฤษภาคม 2568,,,,HM 1201,NGPH
120,00120,R,2.19,1.61,49,5.3,16.9,77.2,24.2,31.4,,4.35,18.13,,15.4,48.1,,35.4,32,,(500) Sysmex,500,503,"(503) XN Series (XN-10, 1000, 1500, 2000, 3000, 9000)",,,XN1000,14 พฤษภาคม 2568,,,,HM 424,PHCH
131,00131,R,2.16,1.53,59,5.4,16.4,75.9,24.8,32.7,,5.24,19.18,560,15.3,45.6,87.1,29.2,33.6,,(500) Sysmex,500,503,"(503) XN Series (XN-10, 1000, 1500, 2000, 3000, 9000)",,,XN1000,14 พฤษภาคม 2568,,,,HM 845,NGPH
132,00132,R,,,80,5.3,18.5,,,28.6,,5.27,,579,15.4,45.8,86.9,29.2,33.6,,(500) Sysmex,500,503,"(503) XN Series (XN-10, 1000, 1500, 2000, 3000, 9000)",,,XN1000,21 พฤษภาคม 2568,,,,HM 935,PHCH
141,00141,R,2.19,1.56,52,5.4,16.2,74,24.7,33.3,,5.31,19.34,574,15.4,45,84.7,29,34.2,,(500) Sysmex,500,503,"(503) XN Series (XN-10, 1000, 1500, 2000, 3000, 9000)",,,XN1000,14 พฤษภาคม 2568,รบกวนตรวจสอบ Specimen ก่อนการจัดส่งด้วยค่ะ,,,HM 1238,NGPH
148,00148,R,2.19,1.33,62,5.3,16.3,74.4,24.2,32.5,,4.35,,582,15,46.6,,34.5,32.2,,(500) Sysmex,500,503,"(503) XN Series (XN-10, 1000, 1500, 2000, 3000, 9000)",,,XN3000,21 พฤษภาคม 2568,,,,HM 1711,GNPH
165,00165,R,2.1,1.29,79,5.3,22,,25.2,24.1,,4.51,,577,15.1,46,102,33.5,32.8,,(500) Sysmex,500,503,"(503) XN Series (XN-10, 1000, 1500, 2000, 3000, 9000)",,,XN1000,14 พฤษภาคม 2568,,,,HM 441,PHCH
166,00166,R,2.18,1.2,62,5.4,16.1,73.9,24.8,33.5,,5.28,,602,15.5,45.7,86.6,29.4,33.9,,(500) Sysmex,500,503,"(503) XN Series (XN-10, 1000, 1500, 2000, 3000, 9000)",,,XN1000,21 พฤษภาคม 2568,,,,HM 710,GNPH
186,00186,R,2.21,1.36,64,5.4,16.6,75.1,24.4,32.5,,5.34,,570,15.6,46.1,86.3,29.2,33.8,,(500) Sysmex,500,503,"(503) XN Series (XN-10, 1000, 1500, 2000, 3000, 9000)",503,,XN1000,21 พฤษภาคม 2568,,,,HM 1327,NGPH
191,00191,R,2.16,1.31,56,5.3,16,74.1,24.5,33.1,,5.28,17.58,581,15.5,45.4,86,29.4,34.1,,(500) Sysmex,500,503,"(503) XN Series (XN-10, 1000, 1500, 2000, 3000, 9000)",,,XN1000,21 พฤษภาคม 2568,,,,HM 755,NGPH
193,00193,R,,,,,,,,,,5.29,19.37,574,15.1,45.5,86,28.5,33.2,,(500) Sysmex,500,503,"(503) XN Series (XN-10, 1000, 1500, 2000, 3000, 9000)",,,XN1000,21 พฤษภาคม 2568,,เครื่องตรวจวิเคราะห์ไม่สามารถรายงานผลได้ โทรประสานงานกรมวิทย์ อาจเกิดจากคุณภาพของตัวอย่าง,,HM 1129,NGPH
196,00196,R,2.22,1.31,55,5.5,16.8,75.7,24.8,32.7,,5.19,,558,15.5,45.2,87.1,29.9,34.3,,(500) Sysmex,500,503,"(503) XN Series (XN-10, 1000, 1500, 2000, 3000, 9000)",,,XN Series,21 พฤษภาคม 2568,,,,HM 732,NGPH
198,00198,R,,1.33,76,5.3,20.9,,,25.4,,5.31,,562,15.3,45.3,85.3,28.8,33.8,,(500) Sysmex,500,503,"(503) XN Series (XN-10, 1000, 1500, 2000, 3000, 9000)",,,XN1000,21 พฤษภาคม 2568,,,,HM 696,GNPH
202,00202,R,2.25,1.27,68,5.5,16.9,75.1,24.4,32.5,,5.32,,586,15.5,45.9,86.3,29.1,33.8,,(500) Sysmex,500,503,"(503) XN Series (XN-10, 1000, 1500, 2000, 3000, 9000)",,,XN3000,21 พฤษภาคม 2568,,,,HM 700,GNPH
203,00203,R,2.18,1.48,65,5.4,16.3,74.8,24.8,33.1,,5.27,19.11,581,15.4,45.6,86.5,29.2,33.8,,(500) Sysmex,500,503,"(503) XN Series (XN-10, 1000, 1500, 2000, 3000, 9000)",,,XN1000,21 พฤษภาคม 2568,,,,HM 777,NGPH
204,00204,R,2.23,0.46,61,5.6,16.6,74.4,25.1,33.7,,4.38,18.25,607,15.2,45.3,103.4,34.7,33.6,,(500) Sysmex,500,503,"(503) XN Series (XN-10, 1000, 1500, 2000, 3000, 9000)",,,XN1000,21 พฤษภาคม 2568,-,,,HM 79,PHGH
211,00211,R,2.2,1.26,56,5.5,15.7,71.4,25,35,,5.3,,556,15.5,44.1,83.2,29.2,35.1,,(500) Sysmex,500,503,"(503) XN Series (XN-10, 1000, 1500, 2000, 3000, 9000)",,,XN1000,21 พฤษภาคม 2568,-,,,HM 204,PHCH
212,00212,R,2.18,1.45,61,5.5,16.2,74.3,25.2,34,,4.39,18.6,586,15.3,47,,34.9,32.6,,(500) Sysmex,500,503,"(503) XN Series (XN-10, 1000, 1500, 2000, 3000, 9000)",,,XN1000,14 พฤษภาคม 2568,,,,HM 714,GNPH
213,00213,R,2.12,1.27,79,5.3,22.4,,25,23.7,,5.44,,586,15.8,46.6,85.7,29,33.9,,(500) Sysmex,500,503,"(503) XN Series (XN-10, 1000, 1500, 2000, 3000, 9000)",,,XN1000,21 พฤษภาคม 2568,,,,HM 669,PHCH
219,00219,R,2.24,1.6,68,5.5,16.8,75,24.6,32.7,,4.32,18.14,532,15.4,46.6,,35.6,33,,(500) Sysmex,500,503,"(503) XN Series (XN-10, 1000, 1500, 2000, 3000, 9000)",,,XN1000,21 พฤษภาคม 2568,,,,HM 860,NGPH
225,00225,R,2.21,1.51,55,5.5,16.2,73.3,24.9,34,,,17.38,559,15.3,42.7,,,35.8,,(500) Sysmex,500,503,"(503) XN Series (XN-10, 1000, 1500, 2000, 3000, 9000)",,,XN3000,21 พฤษภาคม 2568,,,,HM 693,GNPH
228,00228,R,2.16,1.34,47,5.4,16.2,75,25,33.3,,4.23,16.86,582,15.4,44.6,,36.4,34.5,,(500) Sysmex,500,503,"(503) XN Series (XN-10, 1000, 1500, 2000, 3000, 9000)",,,XN1000,14 พฤษภาคม 2568,,,,HM 1108,GNPH
229,00229,R,2.13,1.38,91,5.4,,,25.4,23.1,,5.18,18.8,565,15.3,45.4,87.6,29.5,33.7,,(500) Sysmex,500,503,"(503) XN Series (XN-10, 1000, 1500, 2000, 3000, 9000)",,,XN1000,21 พฤษภาคม 2568,,,,HM 889,NGPH
230,00230,R,2.23,1.51,,5.4,21.2,95.1,24.2,25.5,,5.42,19.24,570,15.5,46.8,86.3,28.6,33.1,,(500) Sysmex,500,503,"(503) XN Series (XN-10, 1000, 1500, 2000, 3000, 9000)",,,XN1000,14 พฤษภาคม 2568,,,,HM 1108,GNPH
231,00231,R,2.06,1.15,85,5.4,22,,26.2,24.5,,5.25,,564,15,45.6,86.9,28.6,32.9,,(500) Sysmex,500,503,"(503) XN Series (XN-10, 1000, 1500, 2000, 3000, 9000)",,,XN1000,21 พฤษภาคม 2568,,,,HM 1124,NGPH
234,00234,R,2.24,1.32,65,5.5,16.5,73.7,24.6,33.3,,5.29,,579,15.3,44.9,84.9,28.9,34.1,,(500) Sysmex,500,503,"(503) XN Series (XN-10, 1000, 1500, 2000, 3000, 9000)",,,XN3000,21 พฤษภาคม 2568,,,,HM 45,PHRH
236,00236,R,,1.18,74,5.4,20.3,,,26.6,,5.25,,560,15.7,45.3,86.3,29.9,34.7,,(500) Sysmex,500,503,"(503) XN Series (XN-10, 1000, 1500, 2000, 3000, 9000)",,,XN1000,21 พฤษภาคม 2568,,,,HM 786,NGPH
257,00257,R,2.2,1.39,59,5.4,16.2,73.8,24.6,33.3,,5.27,19.03,562,15.3,45.2,85.8,28.9,33.7,,(500) Sysmex,500,503,"(503) XN Series (XN-10, 1000, 1500, 2000, 3000, 9000)",,,XN1000,21 พฤษภาคม 2568,,,,HM 726,GNPH
265,00265,R,2.14,1.42,59,5.4,15.8,73.8,25.2,34.2,,4.55,18.65,590,15.5,47.5,104.4,34.1,32.6,,(500) Sysmex,500,503,"(503) XN Series (XN-10, 1000, 1500, 2000, 3000, 9000)",,,XN1000,14 พฤษภาคม 2568,,,,HM 456,PHCH
284,00284,R,2.16,1.31,61,5.3,15.6,72.2,24.5,34,,5.27,,573,15.3,44,83.5,29,34.8,,(500) Sysmex,500,503,"(503) XN Series (XN-10, 1000, 1500, 2000, 3000, 9000)",,,XN1000,14 พฤษภาคม 2568,ระบบดูสไลด์ดิจิตอลไม่สามารถเข้าดูได้,,,HM 422,PHCH
286,00286,R,2.24,1.38,68,5.4,17.3,77.2,24.1,31.2,,4.45,18.01,569,15.2,46.2,103.8,34.2,32.9,,(500) Sysmex,500,503,"(503) XN Series (XN-10, 1000, 1500, 2000, 3000, 9000)",,,XN1000,21 พฤษภาคม 2568,,,,HM 18,DMH
290,00290,R,2.19,1.43,59,5.3,16.8,76.7,24.2,31.5,,5.29,18.97,559,15.3,47.1,89,28.9,32.5,,(500) Sysmex,500,503,"(503) XN Series (XN-10, 1000, 1500, 2000, 3000, 9000)",,,XN1000,21 พฤษภาคม 2568,,,,HM 1968,NGPH
291,00291,R,2.2,0.43,63,5.3,16.4,74.5,24.1,32.3,,5.32,19.15,598,15.4,46.3,87,28.9,33.3,,(500) Sysmex,500,503,"(503) XN Series (XN-10, 1000, 1500, 2000, 3000, 9000)",,,XN2000,21 พฤษภาคม 2568,,,,HM 113,PHGH
296,00296,R,2.17,1.35,60,5.3,16,73.7,24.4,33.1,,4.45,,576,15.2,46.9,,34.2,32.4,,(500) Sysmex,500,503,"(503) XN Series (XN-10, 1000, 1500, 2000, 3000, 9000)",,,XN1000,21 พฤษภาคม 2568,,,,HM 17,DMS
304,00304,R,2.17,1.5,65,5.4,16.4,75.6,24.9,32.9,,5.24,18.73,561,15.3,45.6,87,29.2,33.6,,(500) Sysmex,500,503,"(503) XN Series (XN-10, 1000, 1500, 2000, 3000, 9000)",,,XN3000,21 พฤษภาคม 2568,,,,HM 1970,NGPH
310,00310,R,2.2,1.41,56,5.4,16.3,74.1,24.5,33.1,,,17.66,547,15.1,42.4,,,35.6,,(500) Sysmex,500,503,"(503) XN Series (XN-10, 1000, 1500, 2000, 3000, 9000)",,,XN3000,14 พฤษภาคม 2568,,,,HM 847,NGPH
311,00311,R,2.25,1.91,62,5.5,17,75.7,24.3,32.1,,5.26,23.16,567,15.5,46.2,87.9,29.5,33.6,,(500) Sysmex,500,503,"(503) XN Series (XN-10, 1000, 1500, 2000, 3000, 9000)",,,XN1000,14 พฤษภาคม 2568,,,,HM 1169,GNPH
315,00315,R,2.25,1.31,85,5.5,22.3,99.1,24.4,24.7,,5.24,,567,15.5,45.6,87,29.6,34,,(500) Sysmex,500,503,"(503) XN Series (XN-10, 1000, 1500, 2000, 3000, 9000)",,,XN3000,21 พฤษภาคม 2568,,,,HM 118,PHGH
316,00316,R,2.19,1.38,60,5.4,16.6,75.8,24.7,32.5,,5.27,18.31,581,15.4,46.2,87.7,29.2,33.3,,(500) Sysmex,500,503,"(503) XN Series (XN-10, 1000, 1500, 2000, 3000, 9000)",,,XN3000,14 พฤษภาคม 2568,,,,HM 1217,PHGH
317,00317,R,2.06,1.45,61,,15.2,73.8,24.8,33.6,,5.26,19.37,563,15.4,45.1,85.7,29.3,34.1,,(500) Sysmex,500,503,"(503) XN Series (XN-10, 1000, 1500, 2000, 3000, 9000)",,,XN1500,14 พฤษภาคม 2568,,,,HM 723,GNPH
319,00319,R,2.11,1.39,82,5.3,,,25.1,23.3,,5.2,19.17,554,15.5,45.2,86.9,29.8,34.3,,(500) Sysmex,500,503,"(503) XN Series (XN-10, 1000, 1500, 2000, 3000, 9000)",,,XN3000,14 พฤษภาคม 2568,,,,HM 61,PHRH
320,00320,R,,1.59,60,5.2,14.5,74.4,,35.9,,4.6,19.33,523,,,85.4,31.5,,,(500) Sysmex,500,503,"(503) XN Series (XN-10, 1000, 1500, 2000, 3000, 9000)",,,XN3000,14 พฤษภาคม 2568,,,,HM 1154,PHRH
321,00321,R,2.24,1.23,63,5.4,16.2,72.3,24.1,33.3,,5.28,,580,15.3,44.4,84.1,29,34.5,,(500) Sysmex,500,503,"(503) XN Series (XN-10, 1000, 1500, 2000, 3000, 9000)",,,XN10,21 พฤษภาคม 2568,,,,HM 646,PHCH
328,00328,R,2.13,1.41,92,5.3,22,,24.9,24.1,,5.28,19.1,569,15.3,45.9,86,29,33.3,,(500) Sysmex,500,503,"(503) XN Series (XN-10, 1000, 1500, 2000, 3000, 9000)",,,XN3000,21 พฤษภาคม 2568,,,,HM 724,GNPH
329,00329,R,2.22,1.61,58,5.4,16.7,75.2,24.3,32.3,,4.53,18.18,597,15,47,103.8,33.1,31.9,,(500) Sysmex,500,503,"(503) XN Series (XN-10, 1000, 1500, 2000, 3000, 9000)",,,XN1000,21 พฤษภาคม 2568,,,,HM 912,NGPH
330,00330,R,2.25,0.55,64,5.4,17.1,76,24,31.6,,4.4,17.81,604,15.4,47.2,,35,32.6,,(500) Sysmex,500,503,"(503) XN Series (XN-10, 1000, 1500, 2000, 3000, 9000)",,,-,21 พฤษภาคม 2568,,,,HM 776,NGPH
336,00336,R,2.16,1.33,66,5.5,16.6,76.9,25.5,33.1,,5.06,,632,15.7,,,30.9,,,(500) Sysmex,500,503,"(503) XN Series (XN-10, 1000, 1500, 2000, 3000, 9000)",XN Series,,XN3000,21 พฤษภาคม 2568,,,,HM 44,PHRH
344,00344,R,2.19,1.39,60,5.5,16.2,74,25.1,33.8,,5.32,18.99,598,15.5,45.8,86,28.9,33.7,,(500) Sysmex,500,503,"(503) XN Series (XN-10, 1000, 1500, 2000, 3000, 9000)","503 sysmex XN Series (XN-1000,1500,2000,3000,9000)",,XN1000,21 พฤษภาคม 2568,,,,HM 785,NGPH
359,00359,R,2.15,1.48,57,5.3,16.3,75.7,24.7,32.6,,5.23,18.85,570,15.3,45.9,87.8,29.3,33.3,,(500) Sysmex,500,503,"(503) XN Series (XN-10, 1000, 1500, 2000, 3000, 9000)",,,XN1000,14 พฤษภาคม 2568,สไลด์สเมียร์ C168 การติดสีแกรนูลของ Eosinophil ออกสีม่วงๆมากกว่าสีส้ม อยากให้ปรับปรุงการย้อมสีนิดนึงครับ ขอบคุณครับ,,,HM 1113,GNPH
373,00373,R,2.15,1.37,61,5.2,16.1,74.9,24.2,32.3,,5.31,18.91,576,15.3,46.2,87,28.8,33.1,,(500) Sysmex,500,503,"(503) XN Series (XN-10, 1000, 1500, 2000, 3000, 9000)",,,XN3100,14 พฤษภาคม 2568,,,,HM 103,PHGH
395,00395,R,2.24,1.22,69,5.4,16.6,74.1,24.1,32.5,,5.36,,578,15.4,46.1,86,28.7,33.4,,(500) Sysmex,500,503,"(503) XN Series (XN-10, 1000, 1500, 2000, 3000, 9000)",,,XN3000,21 พฤษภาคม 2568,,,,HM 1012,GNPH
397,00397,R,2.21,0.59,54,5.4,16.5,74.7,24.4,32.7,,5.3,19.11,572,15.4,45.8,85.9,28.9,33.6,,(500) Sysmex,500,503,"(503) XN Series (XN-10, 1000, 1500, 2000, 3000, 9000)",,,XN3000,21 พฤษภาคม 2568,,,,HM 1109,GNPH
400,00400,R,2.22,1.43,73,5.5,17,76.6,24.8,32.4,,5.25,19.18,584,15.5,46.6,88.8,29.5,33.3,,(500) Sysmex,500,503,"(503) XN Series (XN-10, 1000, 1500, 2000, 3000, 9000)",,,XN3000,21 พฤษภาคม 2568,ไม่สามารถเข้าสู่ระบบสไลด์ดิจิทัลได้,,,HM 699,GNPH
402,00402,R,2.22,1.46,59,5.5,17.3,77.9,24.8,31.8,,4.99,17.95,585,15.3,,104.8,30.7,,,(500) Sysmex,500,503,"(503) XN Series (XN-10, 1000, 1500, 2000, 3000, 9000)",,,XN1000,21 พฤษภาคม 2568,,,,HM 630,PHCH
403,00403,R,2.2,1.33,54,5.3,16.4,74.5,24.1,32.3,,5.28,,567,15.3,45.6,86.4,29,33.6,,(500) Sysmex,500,503,"(503) XN Series (XN-10, 1000, 1500, 2000, 3000, 9000)",,,XN1500,21 พฤษภาคม 2568,,,,HM 1973,DMS
405,00405,R,2.21,1.51,60,5.4,16.4,74.2,24.4,32.9,,5.28,19.13,581,15.4,45.5,86.2,29.2,33.8,,(500) Sysmex,500,503,"(503) XN Series (XN-10, 1000, 1500, 2000, 3000, 9000)",,,XN3000,21 พฤษภาคม 2568,,,,HM 122,PHGH
406,00406,R,2.15,0.62,,5.4,22.6,,25.1,23.9,,5.26,19.66,578,15.7,45.3,86.1,29.8,34.7,,(500) Sysmex,500,503,"(503) XN Series (XN-10, 1000, 1500, 2000, 3000, 9000)",,,XN2000,21 พฤษภาคม 2568,,,,HM 7,DMS
407,00407,R,2.16,1.3,63,5.4,16.7,77.3,25,32.3,,5.21,,561,15.3,46.4,89.1,29.4,33,,(500) Sysmex,500,503,"(503) XN Series (XN-10, 1000, 1500, 2000, 3000, 9000)",,,XN3000,14 พฤษภาคม 2568,ติดปัญหาในส่วนของการประเมินด้วยสไลด์ดิจิตอล คือไม่สามารถเข้าสู่หน้าเว็บได้,,,HM 91,PHRH
409,00409,R,2.18,1.57,57,5.3,16.2,74.3,24.3,32.7,,5.32,18.92,564,15.3,45.6,85.7,28.8,33.6,,(500) Sysmex,500,503,"(503) XN Series (XN-10, 1000, 1500, 2000, 3000, 9000)",,,XN1500,21 พฤษภาคม 2568,,,,HM 766,NGPH
410,00410,R,2.21,1.51,68,5.4,16.4,74.2,24.4,32.9,,4.74,17.53,572,15.5,48.6,102.5,32.7,31.9,,(500) Sysmex,500,503,"(503) XN Series (XN-10, 1000, 1500, 2000, 3000, 9000)",,,XN1000,21 พฤษภาคม 2568,,,,HM 1473,NGPH
412,00412,R,2.17,1.43,58,5.4,16.5,76,24.9,32.7,,5.21,19.23,572,15.4,45.9,88.1,29.6,33.6,,(500) Sysmex,500,503,"(503) XN Series (XN-10, 1000, 1500, 2000, 3000, 9000)",,,XN10,21 พฤษภาคม 2568,,,,HM 781,NGPH
422,00422,R,2.2,1.47,57,5.4,16.1,73.2,24.5,33.5,,5.3,19.76,580,15.5,45.5,85.8,29.2,34.1,,(500) Sysmex,500,503,"(503) XN Series (XN-10, 1000, 1500, 2000, 3000, 9000)",,,XN1000,14 พฤษภาคม 2568,,,,HM 467,PHCH
440,00440,R,2.23,1.49,57,5.4,16.5,74,24.1,32.7,,5.25,18.55,570,15.2,45.2,86,28.9,33.6,,(500) Sysmex,500,503,"(503) XN Series (XN-10, 1000, 1500, 2000, 3000, 9000)",,,XN1000,21 พฤษภาคม 2568,,,,HM 805,NGPH
442,00442,R,2.16,1.3,59,5.3,16.2,75,24.5,32.7,,5.22,,563,15.2,44.8,85.8,29.1,33.9,,(500) Sysmex,500,503,"(503) XN Series (XN-10, 1000, 1500, 2000, 3000, 9000)",,,XN1000,21 พฤษภาคม 2568,,,,HM 1356,NGPH
443,00443,R,2.2,1.36,62,5.5,16.5,75,25,33.3,,5.26,19.04,561,15.5,46,87.5,29.5,33.7,,(500) Sysmex,500,503,"(503) XN Series (XN-10, 1000, 1500, 2000, 3000, 9000)",,,XN1000,21 พฤษภาคม 2568,,,,HM 772,NGPH
444,00444,R,2.14,1.45,60,5.3,16,74.8,24.8,33.1,,5.25,19.41,565,15.2,45.2,86.1,29,33.6,,(500) Sysmex,500,503,"(503) XN Series (XN-10, 1000, 1500, 2000, 3000, 9000)",,,XN1000,21 พฤษภาคม 2568,,,,HM 1193,NGPH
447,00448,R,2.09,0.62,74,5.4,21.9,,25.8,24.7,,5.3,18.66,544,15.5,46.2,87.2,29.2,33.5,,(500) Sysmex,500,503,"(503) XN Series (XN-10, 1000, 1500, 2000, 3000, 9000)",,,XN2000,21 พฤษภาคม 2568,,,,HM 855,NGPH
450,00451,R,2.2,1.46,63,5.5,16.4,74.5,24.9,33.5,,5.28,19.28,567,15.6,45.6,86.4,29.5,34.2,,(500) Sysmex,500,503,"(503) XN Series (XN-10, 1000, 1500, 2000, 3000, 9000)",,,XN1000,21 พฤษภาคม 2568,สไลด์เสมียร์เลือดย้อมสี หมายเลข C มีรอยขีด ทำให้ดูยาก,,,HM 1143,NGPH
452,00453,R,,,,,,,,,,,,,,,,,,,(500) Sysmex,500,503,"(503) XN Series (XN-10, 1000, 1500, 2000, 3000, 9000)",,,XN1000,21 พฤษภาคม 2568,,รายงานผลสลับตัวอย่าง A กับ B,,HM 738,NGPH
453,00454,R,2.2,1.51,61,5.3,16.2,73.6,24.1,32.7,,5.27,19.12,562,15.5,45.8,86.9,29.4,33.8,,(500) Sysmex,500,503,"(503) XN Series (XN-10, 1000, 1500, 2000, 3000, 9000)",,,XN9000,14 พฤษภาคม 2568,,,,HM 716,GNPH
463,00464,R,2.17,0.69,57,5.3,16.7,77,24.4,31.7,,4.28,18.5,585,15.2,45.1,,33.5,33.7,,(500) Sysmex,500,503,"(503) XN Series (XN-10, 1000, 1500, 2000, 3000, 9000)",,,XN1000,21 พฤษภาคม 2568,,,,HM 732,NGPH
500,00501,R,2.17,1.51,64,5.4,16.5,76,24.9,32.7,,5.27,19.05,586,15.6,46.2,87.7,29.6,33.8,,(500) Sysmex,500,503,"(503) XN Series (XN-10, 1000, 1500, 2000, 3000, 9000)",,,XN1000,21 พฤษภาคม 2568,,,,HM 792,NGPH
503,00504,R,2.2,1.56,62,5.3,16.5,75,24.1,32.1,,4.54,17.84,592,15.1,48.5,,33.3,31.1,,(500) Sysmex,500,503,"(503) XN Series (XN-10, 1000, 1500, 2000, 3000, 9000)",,,XN3000,21 พฤษภาคม 2568,,,,HM 922,PHRH
504,00505,R,2.19,1.46,60,5.4,16.5,75.3,24.7,32.7,,5.16,17.99,559,15.4,44.8,86.8,29.8,34.4,,(500) Sysmex,500,503,"(503) XN Series (XN-10, 1000, 1500, 2000, 3000, 9000)",,,XN1000,21 พฤษภาคม 2568,,,,HM 1948,PHRH
507,00508,R,2.19,1.46,67,5.5,16.3,74.4,25.1,33.7,,5.26,18.52,588,15.5,45.8,87.1,29.5,33.8,,(500) Sysmex,500,503,"(503) XN Series (XN-10, 1000, 1500, 2000, 3000, 9000)",,,XN1000,14 พฤษภาคม 2568,,,,HM 1271,GNPH
508,00509,R,2.16,1.46,66,5.3,16.4,75.9,24.5,32.3,,5.18,19.4,586,15.2,45.6,88,29.3,33.3,,(500) Sysmex,500,503,"(503) XN Series (XN-10, 1000, 1500, 2000, 3000, 9000)",,,XN1000,14 พฤษภาคม 2568,,,,HM 33,DH
510,00511,R,2.17,1.44,58,5.3,15.9,73.3,24.4,33.3,,4.2,17.55,561,15.3,44.7,,36.4,34.2,,(500) Sysmex,500,503,"(503) XN Series (XN-10, 1000, 1500, 2000, 3000, 9000)",,,XN1000,14 พฤษภาคม 2568,,,,HM 871,NGPH
511,00512,R,2.22,1.44,58,5.4,16.6,74.8,24.3,32.5,,5.36,19.09,572,15.5,46.5,86.8,28.9,33.3,,(500) Sysmex,500,503,"(503) XN Series (XN-10, 1000, 1500, 2000, 3000, 9000)",,,XN1500,21 พฤษภาคม 2568,,,,HM 57,PHRH
512,00513,R,2.21,1.43,,5.4,,,24.4,,,5.35,18.64,581,15.5,47.1,88,29,32.9,,(500) Sysmex,500,503,"(503) XN Series (XN-10, 1000, 1500, 2000, 3000, 9000)",,,XN3000,14 พฤษภาคม 2568,,,,HM 48,PHRH
514,00515,R,2.21,1.51,63,5.3,16.4,74.2,24,32.3,,5.37,18.8,595,15.7,47.2,87.9,29.2,33.3,,(500) Sysmex,500,503,"(503) XN Series (XN-10, 1000, 1500, 2000, 3000, 9000)",,,XN1000,14 พฤษภาคม 2568,,,,HM 328,PHCH
516,00517,R,2.13,1.32,84,5.4,21.8,,25.4,24.8,,5.25,19.41,550,15.3,45.9,87.4,29.1,33.3,,(500) Sysmex,500,503,"(503) XN Series (XN-10, 1000, 1500, 2000, 3000, 9000)",,,XN1000,21 พฤษภาคม 2568,,,,HM 757,NGPH
519,00520,R,2.22,1.47,53,5.5,17.2,77.5,24.8,32,,5.2,18.99,552,15.5,45.9,88.4,29.8,33.8,,(500) Sysmex,500,503,"(503) XN Series (XN-10, 1000, 1500, 2000, 3000, 9000)",,,XN1000,21 พฤษภาคม 2568,,,,HM 1324,NGPH
523,00524,R,2.23,1.42,62,5.4,16.6,74.4,24.2,32.5,,5.21,18.76,581,15.4,44.9,86.2,29.6,34.3,,(500) Sysmex,500,503,"(503) XN Series (XN-10, 1000, 1500, 2000, 3000, 9000)",,,XN1000,21 พฤษภาคม 2568,,,,HM 56,PHRH
524,00525,R,2.17,1.4,57,5.4,16.7,77,24.9,32.3,,5.2,18.94,571,15.5,46.2,88.8,29.8,33.5,,(500) Sysmex,500,503,"(503) XN Series (XN-10, 1000, 1500, 2000, 3000, 9000)",,,XN1000,21 พฤษภาคม 2568,,,,HM 895,NGPH
525,00526,R,2.15,1.59,58,5.3,16.4,76.3,24.7,32.3,,5.16,19.29,579,15.3,45.4,88,29.7,33.7,,(500) Sysmex,500,503,"(503) XN Series (XN-10, 1000, 1500, 2000, 3000, 9000)",,,XN9100,21 พฤษภาคม 2568,-,,,HM 779,NGPH
536,00537,R,2.16,0.69,62,5.3,16.5,76.4,24.5,32.1,,5.3,18.6,568,15.4,47,88.7,29.1,32.8,,(500) Sysmex,500,503,"(503) XN Series (XN-10, 1000, 1500, 2000, 3000, 9000)",,,XN1000,21 พฤษภาคม 2568,,,,HM 221,PHCH
540,00541,R,2.21,1.51,63,5.3,16.4,74.2,24,32.3,,5.19,19.18,587,15.2,44.8,86.3,29.3,33.9,,(500) Sysmex,500,503,"(503) XN Series (XN-10, 1000, 1500, 2000, 3000, 9000)",,,XN1000,14 พฤษภาคม 2568,,,,HM 455,PHCH
582,00583,R,2.13,1.44,59,5.3,16.3,76.5,24.9,32.5,,5.29,18.42,570,15.2,46.9,88.7,28.7,32.4,,(500) Sysmex,500,503,"(503) XN Series (XN-10, 1000, 1500, 2000, 3000, 9000)",,,XN10,21 พฤษภาคม 2568,,,,HM 853,NGPH
586,00587,R,2.21,1.51,63,5.3,16.4,74.2,24,32.3,,5.23,18.79,583,15.3,45.7,87.4,29.3,33.5,,(500) Sysmex,500,503,"(503) XN Series (XN-10, 1000, 1500, 2000, 3000, 9000)",,,XN1500,14 พฤษภาคม 2568,,,A168 สิ่งส่งตรวจ Hemolysis,HM 336,PHCH
587,00588,R,2.25,1.33,50,5.3,16.2,72,23.6,32.7,,5.26,,565,15.1,44.4,84.4,28.7,34,,(500) Sysmex,500,503,"(503) XN Series (XN-10, 1000, 1500, 2000, 3000, 9000)",,,XN1000,21 พฤษภาคม 2568,,,,HM 184,PHCH
589,00590,R,2.11,1.61,68,5.2,15.3,72.5,24.6,34,,5.1,18.49,603,15.4,47.3,92.7,30.2,32.6,,(500) Sysmex,500,503,"(503) XN Series (XN-10, 1000, 1500, 2000, 3000, 9000)",,,XN1000,14 พฤษภาคม 2568,,,,HM 476,PHCH
591,00592,R,2.19,1.43,64,5.3,16.4,74.9,24.2,32.3,,5.28,16.99,567,15.3,45.7,86.6,29,33.5,,(500) Sysmex,500,503,"(503) XN Series (XN-10, 1000, 1500, 2000, 3000, 9000)",,,XN1000,21 พฤษภาคม 2568,,,,HM 685,PHCH
592,00593,R,2.19,1.48,54,5.4,16.4,75,24.9,33.1,,5.22,19.56,568,15.4,45.2,86.6,29.6,34.1,,(500) Sysmex,500,503,"(503) XN Series (XN-10, 1000, 1500, 2000, 3000, 9000)",,,XN1000,14 พฤษภาคม 2568,,,,HM 498,PHCH
593,00594,R,2.19,1.5,67,5.4,16,73.1,24.7,33.8,,5.37,19.14,589,15.6,45.5,84.7,29.1,34.3,,(500) Sysmex,500,503,"(503) XN Series (XN-10, 1000, 1500, 2000, 3000, 9000)",,,XN1500,21 พฤษภาคม 2568,,,,HM 149,PHCH
597,00598,R,2.17,1.48,55,5.4,16.2,74.7,24.9,33.3,,5.22,19.33,576,15.5,45.4,87,29.7,34.1,,(500) Sysmex,500,503,"(503) XN Series (XN-10, 1000, 1500, 2000, 3000, 9000)",,,XN1000,14 พฤษภาคม 2568,,,,HM 1166,PHCH
601,00602,R,2.2,1.4,67,5.4,16.3,74.1,24.5,33.1,,5.32,18.98,590,15.6,45.9,86.3,29.3,34,,(500) Sysmex,500,503,"(503) XN Series (XN-10, 1000, 1500, 2000, 3000, 9000)",,,XN1000,14 พฤษภาคม 2568,,,,HM 560,PHCH
603,00604,R,2.18,1.62,60,5.2,16.5,75,23.9,31.5,,5.34,19.56,559,15.2,46.5,87,28.5,32.7,,(500) Sysmex,500,503,"(503) XN Series (XN-10, 1000, 1500, 2000, 3000, 9000)",,,XN1000,14 พฤษภาคม 2568,,,,HM 1044,NGPH
604,00605,R,2.23,1.51,63,5.4,17.2,77.1,24.2,31.4,,5.36,18.42,571,15.7,47.4,88.4,29.3,33.1,,(500) Sysmex,500,503,"(503) XN Series (XN-10, 1000, 1500, 2000, 3000, 9000)",,,XN1500,21 พฤษภาคม 2568,,,,HM 183,PHCH
606,00607,R,2.17,1.27,59,5.3,15.9,73.3,24.4,33.3,,5.25,,,15.3,44.9,85.5,29.1,34.1,,(500) Sysmex,500,503,"(503) XN Series (XN-10, 1000, 1500, 2000, 3000, 9000)",Sysmex,,XN1000,14 พฤษภาคม 2568,,ใส่หน่วย PLT ผิด,,HM 366,PHCH
610,00611,R,2.18,1.24,61,5.3,16.7,76.6,24.3,31.7,,5.33,19.01,563,15.4,46.8,87.8,28.9,32.9,,(500) Sysmex,500,503,"(503) XN Series (XN-10, 1000, 1500, 2000, 3000, 9000)",,,XN1000,14 พฤษภาคม 2568,,,,HM 1283,NGPH
616,00617,R,2.2,1.55,63,5.3,16.8,76.4,24.1,31.5,,4.43,18.56,572,14.8,46.7,,33.4,31.7,,(500) Sysmex,500,503,"(503) XN Series (XN-10, 1000, 1500, 2000, 3000, 9000)",,,XN1000,14 พฤษภาคม 2568,,,,HM 346,PHCH
623,00624,R,2.22,0.57,54,5.4,17,76.6,24.3,31.8,,5.35,19.67,574,15.3,47.5,88.8,28.6,32.2,,(500) Sysmex,500,503,"(503) XN Series (XN-10, 1000, 1500, 2000, 3000, 9000)",,,XN1500,21 พฤษภาคม 2568,,,,HM 83,PHGH
637,00638,R,2.22,1.57,57,5.4,16.7,75.2,24.3,32.3,,4.34,17.45,560,14.9,46.8,,34.3,31.8,,(500) Sysmex,500,503,"(503) XN Series (XN-10, 1000, 1500, 2000, 3000, 9000)",,,XN1500,14 พฤษภาคม 2568,,,,HM 364,PHCH
640,00641,R,2.17,1.4,52,5.3,16.4,75.6,24.4,32.3,,5.3,19,528,15.3,46.3,87.4,28.9,33,,(500) Sysmex,500,503,"(503) XN Series (XN-10, 1000, 1500, 2000, 3000, 9000)",,,XN1000,14 พฤษภาคม 2568,,,,HM 368,PHCH
649,00650,R,2.16,0.71,62,5.4,16.2,75,25,33.3,,5.23,18.91,548,15.5,45.6,87.2,29.6,34,,(500) Sysmex,500,503,"(503) XN Series (XN-10, 1000, 1500, 2000, 3000, 9000)",,,XN1000,21 พฤษภาคม 2568,,,,HM 1130,NGPH
653,00654,R,2.11,1.41,52,5.3,16,75.8,25.1,33.1,,5.32,19.1,573,15.6,46.9,88.2,29.3,33.3,,(500) Sysmex,500,503,"(503) XN Series (XN-10, 1000, 1500, 2000, 3000, 9000)",,,XN1000,21 พฤษภาคม 2568,,,,HM 668,PHCH
661,00662,R,2.11,1.44,76,5.3,21.7,,25.1,24.4,,5.3,19.44,573,15.4,45.9,86.6,29.1,33.6,,(500) Sysmex,500,503,"(503) XN Series (XN-10, 1000, 1500, 2000, 3000, 9000)",,,XN1000,21 พฤษภาคม 2568,,,,HM 796,NGPH
668,00669,R,2.19,1.24,59,5.4,16.6,75.8,24.7,32.5,,5.07,,,15,,104.3,29.6,,,(500) Sysmex,500,503,"(503) XN Series (XN-10, 1000, 1500, 2000, 3000, 9000)",,,XN1000,21 พฤษภาคม 2568,,,,HM 1010,GNPH
680,00681,R,2.18,1.49,58,5.3,16.4,75.2,24.3,32.3,,5.34,18.96,575,15,46.1,86.3,28.1,32.5,,(500) Sysmex,500,503,"(503) XN Series (XN-10, 1000, 1500, 2000, 3000, 9000)",,,XN1000,14 พฤษภาคม 2568,,,วัตถุทดสอบ A168 เครื่องไม่สามารถตรวจวิเคราะห์ได้,HM 10,DMS
685,00686,R,2.21,1.41,56,5.5,17,76.9,24.9,32.4,,5.34,19.09,583,15.4,47.4,88.8,28.8,32.5,,(500) Sysmex,500,503,"(503) XN Series (XN-10, 1000, 1500, 2000, 3000, 9000)",,,XN3000,14 พฤษภาคม 2568,Slide Blood smear อาจจะย้อม Slide ไว้นานแล้ว จึงทำให้สีค่อนข้างเพี้ยน (ติดสีแดง) ทำให้เห็นสีส่วนประกอบของ WBC ไม่ชัดเจน เช่น Cytoplasm  Nucleus Granule ทำให้นับแยก WBC ได้ยาก ซึ่งอาจจะทำให้เกิดความผิดพลาดในการนับได้,,,HM 1321,GNPH
694,00695,R,2.15,1.59,63,5.3,16.6,77.2,24.7,31.9,,5.26,19,585,15.5,46.7,88.8,29.5,33.2,,(500) Sysmex,500,503,"(503) XN Series (XN-10, 1000, 1500, 2000, 3000, 9000)",,,XN1500,14 พฤษภาคม 2568,-,,,HM 434,PHCH
700,00701,R,2.19,1.44,56,5.4,16.4,74.9,24.7,32.9,,5.25,19.59,572,15.4,45.8,87.2,29.3,33.6,,(500) Sysmex,500,503,"(503) XN Series (XN-10, 1000, 1500, 2000, 3000, 9000)",,,XN1000,14 พฤษภาคม 2568,,,,HM 987,PHCH
720,00721,R,2.27,1.38,63,5.5,16.7,73.6,24.2,32.9,,5.28,,570,15.3,45.1,85.4,29,33.9,,(500) Sysmex,500,503,"(503) XN Series (XN-10, 1000, 1500, 2000, 3000, 9000)",,,XN1000,21 พฤษภาคม 2568,,,,HM 793,NGPH
736,00737,R,2.19,1.5,64,5.4,16.5,75.3,24.7,32.7,,5.29,19.41,587,15.4,46.5,87.9,29.1,33.1,,(500) Sysmex,500,503,"(503) XN Series (XN-10, 1000, 1500, 2000, 3000, 9000)",,,XN1000,21 พฤษภาคม 2568,,,,HM 1986,NGPH
740,00741,R,2.13,1.41,73,5.4,17.7,83.1,25.4,30.5,,5.19,19.39,563,15.3,45.1,86.9,29.5,33.9,,(500) Sysmex,500,503,"(503) XN Series (XN-10, 1000, 1500, 2000, 3000, 9000)",,,XN1000,21 พฤษภาคม 2568,,,,HM 1031,NGPH
762,00763,R,2.11,1.4,82,5.3,22.4,,25.1,23.7,,5.09,19.16,553,15.1,44,86.4,29.7,34.3,,(500) Sysmex,500,503,"(503) XN Series (XN-10, 1000, 1500, 2000, 3000, 9000)",,,XN3000,21 พฤษภาคม 2568,,,,HM 701,GNPH
766,00767,R,2.2,1.19,52,5.4,16.7,75.9,24.5,32.3,,5.37,,596,15.4,47.1,87.7,28.7,32.7,,(500) Sysmex,500,503,"(503) XN Series (XN-10, 1000, 1500, 2000, 3000, 9000)",,,XN1000,14 พฤษภาคม 2568,,,,HM 1987,NGPH
772,00773,R,2.19,0.65,60,5.3,16.5,75.5,24.2,32.1,,5.4,19.4,566,15.6,47.5,88.1,28.9,32.8,,(500) Sysmex,500,503,"(503) XN Series (XN-10, 1000, 1500, 2000, 3000, 9000)",,,XN1000,14 พฤษภาคม 2568,,,,HM 979,PHCH
826,00828,R,2.22,1.43,64,5.5,16.7,75.2,24.8,32.9,,5.27,18.89,578,15.6,45.6,86.5,29.6,34.2,,(500) Sysmex,500,503,"(503) XN Series (XN-10, 1000, 1500, 2000, 3000, 9000)",,,XN1000,21 พฤษภาคม 2568,,,,HM 751,NGPH
827,00829,R,2.22,1.43,64,5.5,16.7,75.2,24.8,32.9,,5.27,18.89,578,15.6,45.6,86.5,29.6,34.2,,(500) Sysmex,500,503,"(503) XN Series (XN-10, 1000, 1500, 2000, 3000, 9000)",,,XN1000,21 พฤษภาคม 2568,,,,HM 1990,NGPH
837,00839,R,2.22,1.55,60,5.5,16.4,73.9,24.8,33.5,,5.3,19.87,553,15.6,45.4,85.7,29.4,34.4,,(500) Sysmex,500,503,"(503) XN Series (XN-10, 1000, 1500, 2000, 3000, 9000)",,,XN1000,14 พฤษภาคม 2568,,,,HM 99,PHGH
842,00844,R,2.21,1.51,63,5.3,16.4,74.2,24,32.3,,5.39,18.58,583,15.3,46.6,86.5,28.4,32.8,,(500) Sysmex,500,503,"(503) XN Series (XN-10, 1000, 1500, 2000, 3000, 9000)",,,XN1000,14 พฤษภาคม 2568,,,,HM 22,DMH
880,00882,R,2.18,1.53,64,5.3,16.4,75.2,24.3,32.3,,5.29,18.49,595,15.3,46.2,87.3,28.9,33.1,,(500) Sysmex,500,503,"(503) XN Series (XN-10, 1000, 1500, 2000, 3000, 9000)",,,XN1000,21 พฤษภาคม 2568,,,,HM 1388,GNPH
881,00883,R,2.2,0.59,57,5.4,16.3,74.1,24.4,32.9,,5.3,18.47,560,15.4,45.7,86.1,29,33.7,,(500) Sysmex,500,503,"(503) XN Series (XN-10, 1000, 1500, 2000, 3000, 9000)",,,XN3100i,21 พฤษภาคม 2568,สไลด์ดิจิทัล ดูยาก,,,HM 590,PHCH
886,00888,R,2.2,0.56,67,5.5,16.3,74.1,25,33.7,,5.3,19.29,577,15.5,45.6,86,29.2,34,,(500) Sysmex,500,503,"(503) XN Series (XN-10, 1000, 1500, 2000, 3000, 9000)",,,XN1000,21 พฤษภาคม 2568,,,,HM 712,GNPH
888,00890,R,2.16,1.32,61,5.3,16.3,75.5,24.5,32.5,,5.38,19.43,569,15.6,47.2,87.7,29,33.1,,(500) Sysmex,500,503,"(503) XN Series (XN-10, 1000, 1500, 2000, 3000, 9000)",,,XN1000,14 พฤษภาคม 2568,,,,HM 1992,PHCH
889,00891,R,2.15,1.46,60,5.2,16,74.4,24.2,32.5,,5.3,19.51,561,15.2,45.9,86.9,28.7,33.1,,(500) Sysmex,500,503,"(503) XN Series (XN-10, 1000, 1500, 2000, 3000, 9000)",,,XN1000,14 พฤษภาคม 2568,,,,HM 263,PHCH
891,00893,R,2.19,1.39,64,5.4,16.2,74,24.7,33.3,,5.24,19,573,15.3,44.6,85.1,29.2,34.3,,(500) Sysmex,500,503,"(503) XN Series (XN-10, 1000, 1500, 2000, 3000, 9000)",,,XN1000,14 พฤษภาคม 2568,,,,HM 517,PHCH
893,00895,R,2.2,1.42,57,5.3,16.3,74.4,24.2,32.5,,5.38,18.51,565,15.5,46.6,86.6,28.8,33.3,,(500) Sysmex,500,503,"(503) XN Series (XN-10, 1000, 1500, 2000, 3000, 9000)",,,XN1000,21 พฤษภาคม 2568,-,,,HM 589,PHCH
901,00903,R,2.18,0.53,63,5.4,16.3,74.7,24.8,33.1,,5.24,19.17,570,15.5,45.6,87,29.6,34,,(500) Sysmex,500,503,"(503) XN Series (XN-10, 1000, 1500, 2000, 3000, 9000)",,,XN1000,21 พฤษภาคม 2568,,,,HM 932,PHCH
903,00905,R,2.16,1.47,68,5.4,16.4,73.9,24.8,33.5,,5.21,19.69,562,15.5,44.7,86.4,29.8,34.7,,(500) Sysmex,500,503,"(503) XN Series (XN-10, 1000, 1500, 2000, 3000, 9000)",,,XN1000,21 พฤษภาคม 2568,,,,HM 153,PHCH
908,00910,R,2.16,1.31,63,5.3,16.1,74.5,24.5,32.9,,5.26,18.65,568,15.4,45.5,86.5,29.3,33.8,,(500) Sysmex,500,503,"(503) XN Series (XN-10, 1000, 1500, 2000, 3000, 9000)",,,XN1000,14 พฤษภาคม 2568,,,,HM 1797,GNPH
911,00913,R,2.18,0.51,58,5.4,16.1,73.9,24.8,33.5,,5.37,18.99,600,15.5,46,85.7,28.9,33.7,,(500) Sysmex,500,503,"(503) XN Series (XN-10, 1000, 1500, 2000, 3000, 9000)",503,,XN1000,21 พฤษภาคม 2568,,,,HM 887,NGPH
915,00917,R,2.16,1.38,62,5.3,16.1,74.5,24.5,32.9,,5.31,19.21,596,15.2,46,86.6,28.6,33,,(500) Sysmex,500,503,"(503) XN Series (XN-10, 1000, 1500, 2000, 3000, 9000)",,,XN1500,21 พฤษภาคม 2568,,,,HM 1072,PHCH
916,00918,R,2.16,0.61,57,5.4,16.8,77.8,25,32.1,,5.24,19.15,558,15.4,46.6,88.9,29.4,33,,(500) Sysmex,500,503,"(503) XN Series (XN-10, 1000, 1500, 2000, 3000, 9000)",,,XN1000,21 พฤษภาคม 2568,,,,HM 629,PHCH
918,00920,R,2.14,1.47,60,5.5,16,74.8,25.7,34.4,,5.26,19.39,559,15.6,45.6,86.7,29.7,34.2,,(500) Sysmex,500,503,"(503) XN Series (XN-10, 1000, 1500, 2000, 3000, 9000)",,,XN1000,21 พฤษภาคม 2568,,,,HM 1879,DMS
919,00921,R,2.18,0.5,55,5.4,16.1,73.9,24.8,33.5,,5.31,19.02,574,15.4,45.9,86.4,29,33.6,,(500) Sysmex,500,503,"(503) XN Series (XN-10, 1000, 1500, 2000, 3000, 9000)",,,XN1000,21 พฤษภาคม 2568,,,,HM 220,PHCH
923,00925,R,2.22,1.39,67,5.5,16.2,73,24.8,,,5.47,,563,15.7,46.7,85.4,28.7,33.6,,(500) Sysmex,500,503,"(503) XN Series (XN-10, 1000, 1500, 2000, 3000, 9000)",,,XN1000,21 พฤษภาคม 2568,,,,HM 593,PHCH
924,00926,R,2.14,1.21,66,5.4,15.8,73.8,25.2,34.2,,5.21,,563,15.4,44.5,85.4,29.6,34.6,,(500) Sysmex,500,503,"(503) XN Series (XN-10, 1000, 1500, 2000, 3000, 9000)",,,XN9202,21 พฤษภาคม 2568,,,,HM 703,GNPH
925,00927,R,2.13,0.67,78,5.4,21.4,,25.4,25.2,,5.34,19.41,601,15.2,46,86.1,28.5,33,,(500) Sysmex,500,503,"(503) XN Series (XN-10, 1000, 1500, 2000, 3000, 9000)",,,XN1000,14 พฤษภาคม 2568,,,,HM 458,PHCH
927,00929,R,2.18,1.46,62,5.4,16.1,73.9,24.8,33.5,,4.52,18.4,620,15.3,47.5,,33.8,32.2,,(500) Sysmex,500,503,"(503) XN Series (XN-10, 1000, 1500, 2000, 3000, 9000)",,,XN3000,14 พฤษภาคม 2568,,,,HM 88,PHGH
931,00934,R,2.18,1.53,61,5.3,16.4,74.9,24.2,32.3,,5.32,18.47,592,15.3,46.3,87,28.8,33,,(500) Sysmex,500,503,"(503) XN Series (XN-10, 1000, 1500, 2000, 3000, 9000)",,,XN1000,14 พฤษภาคม 2568,,,,HM 302,PHCH
933,00936,R,2.22,1.28,55,5.5,16.4,73.9,24.8,33.5,,5.29,,558,15.4,44.8,84.7,29.1,34.4,,(500) Sysmex,500,503,"(503) XN Series (XN-10, 1000, 1500, 2000, 3000, 9000)",,,XN1000,14 พฤษภาคม 2568,,,,HM 93,PHGH
935,00938,R,2.2,1.38,64,5.4,16.3,74.1,24.5,33.1,,5.25,19.23,604,15,45.1,85.9,28.6,33.3,,(500) Sysmex,500,503,"(503) XN Series (XN-10, 1000, 1500, 2000, 3000, 9000)",,,XN3000,21 พฤษภาคม 2568,,,,HM 711,GNPH
936,00939,R,2.15,1.42,63,5.4,16.2,75.3,25.1,33.3,,5.21,19,580,15.3,45.3,86.9,29.4,33.8,,(500) Sysmex,500,503,"(503) XN Series (XN-10, 1000, 1500, 2000, 3000, 9000)",,,XN3000,21 พฤษภาคม 2568,,,,HM 1782,GNPH
937,00940,R,2.2,1.42,63,5.4,16.7,75.9,24.5,32.3,,5.22,18.76,590,14.9,46.2,88.5,28.5,32.3,,(500) Sysmex,500,503,"(503) XN Series (XN-10, 1000, 1500, 2000, 3000, 9000)",,,XN1000,21 พฤษภาคม 2568,,,,HM 1783,GNPH
938,00941,R,2.22,1.58,55,5.4,16.9,76.1,24.3,32,,5.26,19.19,568,15.2,46.5,88.4,28.9,32.7,,(500) Sysmex,500,503,"(503) XN Series (XN-10, 1000, 1500, 2000, 3000, 9000)",,,XN1000,21 พฤษภาคม 2568,,,,HM 1869,GNPH
940,00943,R,2.18,0.63,59,5.5,16.4,75.2,25.2,33.5,,5.28,19.07,583,15.4,46.1,87.3,29.2,33.4,,(500) Sysmex,500,503,"(503) XN Series (XN-10, 1000, 1500, 2000, 3000, 9000)",,,XN1000,21 พฤษภาคม 2568,,,,HM 1763,GNPH
953,00956,R,2.13,1.28,86,5.4,21.9,,25.4,24.7,,5.18,18.72,567,15,44.1,85.1,29,34,,(500) Sysmex,500,503,"(503) XN Series (XN-10, 1000, 1500, 2000, 3000, 9000)",,,XN1000,21 พฤษภาคม 2568,,,,HM 1401,NGPH
955,00958,R,2.18,1.28,58,5.4,16.1,73.9,24.8,33.5,,5.27,,576,15.3,44.8,85,29,34.2,,(500) Sysmex,500,503,"(503) XN Series (XN-10, 1000, 1500, 2000, 3000, 9000)",,,XN1000,21 พฤษภาคม 2568,,,,HM 856,NGPH
956,00959,R,2.24,1.31,59,5.4,16.5,73.7,24.1,32.7,,4.33,17.69,,15.4,46.3,,35.6,33.3,,(500) Sysmex,500,503,"(503) XN Series (XN-10, 1000, 1500, 2000, 3000, 9000)",,,XN1000,21 พฤษภาคม 2568,,,,HM 849,NGPH
958,00961,R,2.09,1.31,89,5.4,21.8,,25.8,24.8,,5.32,19.68,577,15.3,45.5,85.5,28.8,33.6,,(500) Sysmex,500,503,"(503) XN Series (XN-10, 1000, 1500, 2000, 3000, 9000)",,,XN1000,21 พฤษภาคม 2568,,,,HM 1530,NGPH
965,00968,R,2.19,1.41,72,5.4,16.6,75.8,24.7,32.5,,4.88,18.02,567,15.2,,,31.1,,,(500) Sysmex,500,503,"(503) XN Series (XN-10, 1000, 1500, 2000, 3000, 9000)",,,XN3100,21 พฤษภาคม 2568,,,,HM 745,NGPH
970,00973,R,2.22,0.57,76,5.4,17.9,80.6,24.3,30.2,,5.13,18.69,623,15.1,47.2,92,29.4,32,,(500) Sysmex,500,503,"(503) XN Series (XN-10, 1000, 1500, 2000, 3000, 9000)",,,XN1000,21 พฤษภาคม 2568,,,,HM 782,PHCH
976,00979,R,2.22,1.28,58,5.4,16.6,74.8,24.4,32.5,,5.33,,576,15.5,46.2,86.7,29.1,33.6,,(500) Sysmex,500,503,"(503) XN Series (XN-10, 1000, 1500, 2000, 3000, 9000)",,,XN3000,14 พฤษภาคม 2568,,,,HM 51,PHRH
979,00982,R,2.19,1.46,58,5.3,16.2,74,24.2,32.7,,5.32,19.22,576,15.3,45.6,85.7,28.8,33.6,,(500) Sysmex,500,503,"(503) XN Series (XN-10, 1000, 1500, 2000, 3000, 9000)",,,XN1500,14 พฤษภาคม 2568,,,,HM 1391,GNPH
981,00984,R,2.12,1.45,51,5.4,15.9,75,25.5,34,,5.14,18.75,542,15.1,44.7,87,29.4,33.8,,(500) Sysmex,500,503,"(503) XN Series (XN-10, 1000, 1500, 2000, 3000, 9000)",,,XN3000,21 พฤษภาคม 2568,,,,HM 3,DMS
982,00985,R,2.18,0.58,58,5.4,16.3,74.8,24.8,33.1,,5.27,19.38,556,15.4,45.2,85.8,29.2,34.1,,(500) Sysmex,500,503,"(503) XN Series (XN-10, 1000, 1500, 2000, 3000, 9000)",,,XN1500,14 พฤษภาคม 2568,-,,A167  Hemolysis,HM 11,DMS
984,00987,R,2.19,1.4,57,5.3,16.4,74.9,24.2,32.3,,5.3,19.64,581,15.4,46.2,87.2,29.1,33.3,,(500) Sysmex,500,503,"(503) XN Series (XN-10, 1000, 1500, 2000, 3000, 9000)",,,XN1000,21 พฤษภาคม 2568,,,,HM 874,NGPH
985,00988,R,2.23,1.55,54,5.4,16.8,75.3,24.2,32.1,,5.37,18.56,575,15.6,46.8,87.2,29.1,33.3,,(500) Sysmex,500,503,"(503) XN Series (XN-10, 1000, 1500, 2000, 3000, 9000)",,,-,14 พฤษภาคม 2568,,,,HM 812,NGPH
987,00990,R,2.26,1.5,66,5.4,17.5,77.4,23.9,30.9,,5.37,19.33,594,15.4,47.7,88.8,28.7,32.3,,(500) Sysmex,500,503,"(503) XN Series (XN-10, 1000, 1500, 2000, 3000, 9000)",,,XN1000,21 พฤษภาคม 2568,-,,,HM 1006,PHCH
988,00991,R,2.17,0.6,59,5.3,16.5,76,24.4,32.1,,5.2,18.67,566,15.2,45.3,87.1,29.2,33.6,,(500) Sysmex,500,503,"(503) XN Series (XN-10, 1000, 1500, 2000, 3000, 9000)",,,XN900,14 พฤษภาคม 2568,ควรปรับปรุงการย้อมสีสไลด์ การติดสียังไม่ได้มาตรฐาน สีของ RBC ติดสีชมพูอมน้ำเงิน,,Cell control No. A168 hemolysis,HM 728,GNPH
993,00996,R,2.15,1.37,57,5.3,16.1,74.9,24.7,32.9,,5.3,19.04,571,15.3,46.1,87,28.9,33.2,,(500) Sysmex,500,503,"(503) XN Series (XN-10, 1000, 1500, 2000, 3000, 9000)",,,XN1000,21 พฤษภาคม 2568,,,,HM 1192,NGPH
1000,01003,R,2.21,1.18,65,5.4,16.8,76,24.4,32.1,,5.23,,567,15.3,46.3,88.5,29.3,33,,(500) Sysmex,500,503,"(503) XN Series (XN-10, 1000, 1500, 2000, 3000, 9000)",,,XN1000,14 พฤษภาคม 2568,,,,HM 268,PHCH
1003,01006,R,2.13,1.57,55,5.4,16,75.1,25.4,33.8,,5.24,19.09,560,15.5,45.8,87.4,29.6,33.8,,(500) Sysmex,500,503,"(503) XN Series (XN-10, 1000, 1500, 2000, 3000, 9000)",,,XN1000,21 พฤษภาคม 2568,,,,HM 1235,NGPH
1008,01011,R,2.23,1.6,57,5.5,16.6,74.4,24.7,33.1,,5.43,19.27,572,15.5,46.4,85.5,28.5,33.4,,(500) Sysmex,500,503,"(503) XN Series (XN-10, 1000, 1500, 2000, 3000, 9000)",,,XN2000,14 พฤษภาคม 2568,,,,HM 925,PHGH
1011,01014,R,2.23,1.4,60,5.4,16.4,73.5,24.2,32.9,,5.25,19.98,590,15.2,44.6,85,29,34.1,,(500) Sysmex,500,503,"(503) XN Series (XN-10, 1000, 1500, 2000, 3000, 9000)",,,XN1000,14 พฤษภาคม 2568,,,,HM 361,PHCH
1012,01015,R,2.2,1.57,49,5.3,16,72.7,24.1,33.1,,5.37,19.37,563,15.1,45.5,84.7,28.1,33.2,,(500) Sysmex,500,503,"(503) XN Series (XN-10, 1000, 1500, 2000, 3000, 9000)",,,XN1000,21 พฤษภาคม 2568,,,,HM 1183,NGPH
1022,01025,R,2.19,1.52,62,5.2,16.5,75.3,23.7,31.5,,5.22,19.02,569,15.1,45.5,87.2,28.9,33.2,,(500) Sysmex,500,503,"(503) XN Series (XN-10, 1000, 1500, 2000, 3000, 9000)",,,XN1000,14 พฤษภาคม 2568,,,,HM 811,NGPH
1025,01028,R,2.18,1.22,59,5.3,16,73.4,24.3,33.1,,5.28,,544,15.2,45,85.2,28.8,33.8,,(500) Sysmex,500,503,"(503) XN Series (XN-10, 1000, 1500, 2000, 3000, 9000)",,,XN1000,21 พฤษภาคม 2568,,,,HM 803,NGPH
1028,01031,R,2.17,1.29,63,5.3,16.2,74.7,24.4,32.7,,4.89,,602,15,,,30.7,,,(500) Sysmex,500,503,"(503) XN Series (XN-10, 1000, 1500, 2000, 3000, 9000)",XN series XN-1000,,XN1000,21 พฤษภาคม 2568,-,,,HM 928,PHCH
1038,01042,R,2.2,1.54,65,5.6,16.4,74.5,25.5,34.1,,5.24,19.48,584,15.7,44.9,85.7,30,35,,(500) Sysmex,500,503,"(503) XN Series (XN-10, 1000, 1500, 2000, 3000, 9000)",,,XN1000,21 พฤษภาคม 2568,,แจ้งเมลแนบไฟล์รายงานในระบบ,,HM 1803,NGPH
1042,01046,R,2.19,1.6,62,5.4,16.5,75.3,24.7,32.7,,5.26,18.93,600,15.4,45.8,87.1,29.3,33.6,,(500) Sysmex,500,503,"(503) XN Series (XN-10, 1000, 1500, 2000, 3000, 9000)",,,XN1500,21 พฤษภาคม 2568,,,,HM 1060,DMS
1046,01050,R,2.24,1.56,64,5.6,17,75.9,25,32.9,,5.34,18.65,581,15.7,46.7,87.5,29.4,33.6,,(500) Sysmex,500,503,"(503) XN Series (XN-10, 1000, 1500, 2000, 3000, 9000)",,,XN1000,14 พฤษภาคม 2568,,,,HM 1262,PHGH
1048,01052,R,2.21,1.44,70,5.4,16.7,75.6,24.4,32.3,,5.15,18.82,577,15.2,45,87.4,29.5,33.8,,(500) Sysmex,500,503,"(503) XN Series (XN-10, 1000, 1500, 2000, 3000, 9000)",,,XN1500,14 พฤษภาคม 2568,,,,HM 924,PHGH
1049,01053,R,2.16,1.29,63,5.3,16.1,74.5,24.5,32.9,,5.55,18.2,568,15.2,47,86.5,28.4,32.3,,(500) Sysmex,500,503,"(503) XN Series (XN-10, 1000, 1500, 2000, 3000, 9000)",,,XN1500,14 พฤษภาคม 2568,,,,HM 387,PHCH
1055,01059,R,2.22,1.48,66,5.47,16.9,76.1,24.6,32.3,,5.11,18.48,593,15.5,,,30.3,,,(500) Sysmex,500,503,"(503) XN Series (XN-10, 1000, 1500, 2000, 3000, 9000)",,,XN3000,21 พฤษภาคม 2568,,,,HM 39,PHRH
1058,01062,R,2.15,1.52,60,5.3,16,74.4,24.7,33.1,,5.22,18.89,572,15.6,45.1,86.4,29.9,34.6,,(500) Sysmex,500,503,"(503) XN Series (XN-10, 1000, 1500, 2000, 3000, 9000)",,,XN1000,14 พฤษภาคม 2568,,,,HM 464,PHCH
1063,01068,R,2.11,1.44,,5.4,21.9,,25.6,24.7,,5.31,19.24,567,15.6,45.3,85.3,29.4,34.4,,(500) Sysmex,500,503,"(503) XN Series (XN-10, 1000, 1500, 2000, 3000, 9000)",,,XN1000,21 พฤษภาคม 2568,Slide C 168 มีพื้นที่ Standard area น้อยเกินไป ทำให้ยากต่อการ Differential .,,,HM 861,NGPH
1068,01073,R,2.22,1.31,64,5.4,16.8,75.7,24.3,32.1,,4.62,17.27,573,15.4,50,,33.3,30.8,,(500) Sysmex,500,503,"(503) XN Series (XN-10, 1000, 1500, 2000, 3000, 9000)",,,XN3000,21 พฤษภาคม 2568,,,,HM 81,PHGH
1082,01088,R,2.16,1.59,62,5.2,16.1,74.5,24.1,32.3,,5.25,19.25,594,15.2,45.6,86.9,29,33.3,,(500) Sysmex,500,503,"(503) XN Series (XN-10, 1000, 1500, 2000, 3000, 9000)",Sysmex,,XN1000,14 พฤษภาคม 2568,,,,HM 527,PHCH
1087,01093,R,2.17,1.35,63,5.3,16.2,74.7,24.4,32.7,,5.31,19.05,585,15.4,45.8,86.3,29,33.6,,(500) Sysmex,500,503,"(503) XN Series (XN-10, 1000, 1500, 2000, 3000, 9000)",,,XN3000,14 พฤษภาคม 2568,,,,HM 1018,GNPH
1104,01111,R,2.06,1.56,83,5.3,21.4,,25.7,24.8,,5.28,19.18,557,15.4,45.3,85.8,29.2,34,,(500) Sysmex,500,503,"(503) XN Series (XN-10, 1000, 1500, 2000, 3000, 9000)",,,XN1000,21 พฤษภาคม 2568,,,,HM 741,NGPH
1110,01117,R,2.12,0.54,60,5.3,15.5,73.1,25,34.2,,5.31,19.61,577,15.4,45.1,84.9,29,34.1,,(500) Sysmex,500,503,"(503) XN Series (XN-10, 1000, 1500, 2000, 3000, 9000)",,,XN1000,21 พฤษภาคม 2568,,,,HM 1883,NGPH
1118,01125,R,2.17,1.37,60,5.3,16.5,76,24.4,32.1,,4.35,,582,15.3,48.1,,35.5,31.8,,(500) Sysmex,500,503,"(503) XN Series (XN-10, 1000, 1500, 2000, 3000, 9000)",,,XN3000,21 พฤษภาคม 2568,,,,HM 67,PHGH
1124,01131,R,2.22,1.42,62,5.4,16.6,74.8,24.3,32.5,,4.63,18,,15.3,49.5,,33,30.9,,(500) Sysmex,500,503,"(503) XN Series (XN-10, 1000, 1500, 2000, 3000, 9000)",,,XN3000,21 พฤษภาคม 2568,,,,HM 121,PHGH
1125,01132,R,2.18,1.43,57,5.4,16.2,74.3,24.8,33.3,,5.05,18.66,607,15.2,,104.4,30.1,,,(500) Sysmex,500,503,"(503) XN Series (XN-10, 1000, 1500, 2000, 3000, 9000)",,,XN1000,14 พฤษภาคม 2568,,,,HM 561,PHCH
1127,01134,R,2.18,0.58,59,5.3,16.3,74.8,24.3,32.5,,4.34,17.97,587,15.1,47.5,,34.8,31.8,,(500) Sysmex,500,503,"(503) XN Series (XN-10, 1000, 1500, 2000, 3000, 9000)",,,XN10,21 พฤษภาคม 2568,,,,HM 1121,NGPH
1128,01135,R,2.16,0.54,56,5.3,16.1,74.5,24.5,32.9,,4.26,17.35,568,15,45.6,,35.2,32.9,,(500) Sysmex,500,503,"(503) XN Series (XN-10, 1000, 1500, 2000, 3000, 9000)",,,XN1000,21 พฤษภาคม 2568,,,,HM 783,NGPH
1129,01136,R,2.24,1.28,62,5.4,16.7,74.6,24.1,32.3,,5.2,,571,15.3,44.7,86,29.4,34.2,,(500) Sysmex,500,503,"(503) XN Series (XN-10, 1000, 1500, 2000, 3000, 9000)",,,XN1000,21 พฤษภาคม 2568,,,,HM 1131,NGPH
1131,01138,R,2.2,1.29,51,5.4,17.1,77.7,24.5,31.6,,,,569,15.1,43.3,,,34.9,,(500) Sysmex,500,503,"(503) XN Series (XN-10, 1000, 1500, 2000, 3000, 9000)",,,XN1000,21 พฤษภาคม 2568,,,,HM 1437,NGPH
1132,01139,R,2.2,1.44,65,5.3,15.9,72.9,24.3,33.3,,5.34,19.01,576,15.2,45.4,85,28.5,33.5,,(500) Sysmex,500,503,"(503) XN Series (XN-10, 1000, 1500, 2000, 3000, 9000)",,,XN1500,21 พฤษภาคม 2568,Slide ติดสีม่วงมากเกินไป ทำให้เห็น granule ของ Eosinophil ไม่ชัดเจน,,,HM 1813,NGPH
1137,01144,R,2.21,0.67,55,5.5,16.7,75.6,24.9,32.9,,5.35,19.6,569,15.6,46.8,87.5,29.2,33.3,,(500) Sysmex,500,503,"(503) XN Series (XN-10, 1000, 1500, 2000, 3000, 9000)",,,XN10,21 พฤษภาคม 2568,,,,HM 784,NGPH
1140,01147,R,2.05,1.52,78,5.3,22.2,,25.9,23.9,,5.19,18.84,562,15.4,45.7,88.1,29.7,33.7,,(500) Sysmex,500,503,"(503) XN Series (XN-10, 1000, 1500, 2000, 3000, 9000)",,,XN1000,21 พฤษภาคม 2568,,,,HM 752,NGPH
1151,01158,R,2.16,1.43,84,5.3,,,24.5,22.9,,5.26,18.86,572,15.3,46.2,87.8,29.1,33.1,,(500) Sysmex,500,503,"(503) XN Series (XN-10, 1000, 1500, 2000, 3000, 9000)",,,XN1000,21 พฤษภาคม 2568,,,,HM 1254,NGPH
1168,01175,R,2.2,1.4,56,5.5,16,72.7,25,34.4,,5.22,,585,15.4,44,84.3,29.5,35,,(500) Sysmex,500,503,"(503) XN Series (XN-10, 1000, 1500, 2000, 3000, 9000)",,,XN1500,14 พฤษภาคม 2568,,,,HM 950,PHCH
1181,01188,R,2.27,1.81,65,5.5,17,74.9,24.2,32.4,,4.8,18.33,627,15.1,50.7,,31.5,29.8,,(500) Sysmex,500,503,"(503) XN Series (XN-10, 1000, 1500, 2000, 3000, 9000)",,,XN1000,21 พฤษภาคม 2568,,,,HM 1216,DMSc
1196,Ref03,R,2.24,1.5,83,5.4,16.9,75.4,24.1,32,,5.32,19.04,600,15.4,46.6,87.6,28.9,33,,(500) Sysmex,500,503,"(503) XN Series (XN-10, 1000, 1500, 2000, 3000, 9000)",,,,21 พฤษภาคม 2568,,,,HM ref 3,SCPG
,,,,,,,,,,,,,,,,,,,,,,,,,,,,,,,,,
,,,,,,,,,,,,,,,,,,,,,,,,,,,,,,,,,
R_01_68,N,503_168_M,211,214,210,214,210,192,211,213,,213,174,211,215,208,187,213,208,,Brand_No,Count Brand,B_M_No,Count_Model,,,,,,,,,
R,217,503_168_M,2.05,0.43,47,5.2,14.5,71.4,23.6,22.9,,4.2,16.86,523,14.8,42.4,83.2,28.1,29.8,,100,0,501,0,,,,,,,,,
NR,0,503_168_M,2.29,1.91,92,5.6,22.6,99.1,26.2,35.9,,5.55,23.16,632,15.8,50.7,104.8,36.4,35.8,,200,0,502,0,,,,,,,,,
,0,503_168_M,2.185118483412323,1.3267757009345795,62.7952380952381,5.379766355140176,16.954285714285717,75.3739583333333,24.625592417061597,31.777464788732406,,5.142582159624411,18.85804597701149,575.4407582938388,15.358604651162791,45.954807692307696,87.9427807486631,29.97746478873239,33.44086538461541,,300,0,503,217,,,,,,,,,
TOTAL,217,503_168_M,0.041142727061656545,0.29634451491373787,8.169904873180553,0.0804123270207211,1.624043543116528,3.086560796095389,0.4378616923830068,2.7435274008090698,,0.3175412602235664,0.6893271228284575,16.43631424890992,0.17696271051508294,1.1066666498770996,4.496389085311579,1.9390863329252104,0.841274178054171,,400,0,504,0,,,,,,,,,
,,503_168_M,0.12342818118496963,0.8890335447412137,24.509714619541658,0.2412369810621633,4.872130629349584,9.259682388286167,1.3135850771490205,8.23058220242721,,0.9526237806706992,2.0679813684853725,49.308942746729755,0.5308881315452488,3.319999949631299,13.489167255934737,5.817258998775631,2.5238225341625133,,500,217,505,0,,,,,,,,,
,,503_168_M,2.0616903022273534,0.43774215619336587,38.285523475696436,5.138529374078013,12.082155084936133,66.11427594504714,23.312007339912576,23.546882586305195,,4.189958378953712,16.790064608526116,526.1318155471091,14.827716519617542,42.6348077426764,74.45361349272837,24.16020578995676,30.917042850452894,,600,0,506,0,,,,,,,,,
,,503_168_M,2.308546664597293,2.215809245675793,87.30495271477976,5.621003336202339,21.8264163436353,84.63364072161947,25.939177494210618,40.00804699115962,,6.095205940295109,20.926027345496863,624.7497010405685,15.88949278270804,49.27480764193899,101.43194800459783,35.79472378750802,35.96468791877792,,700,0,507,0,,,,,,,,,
,,503_168_M,1.8828602372813794,22.335690554552144,13.010389196693076,1.4947178318234948,9.578955849187475,4.094996288300798,1.778075771609209,8.633562869313176,,6.1747435503637735,3.6553475565218556,2.856299977367436,1.1522056497605413,2.4081629440967998,5.112857527398498,6.468480061909883,2.5157069602666513,,800,0,508,0,,,,,,,,,
,,,,,,,,,,,,,,,,,,,,,900,0,509,0,,,,,,,,,
,,503_168_M,2.19,1.33,63,5.4,17,75.4,24.6,31.8,,5.14,18.86,575,15.4,46,87.9,30,33.4,,1000,0,Total,217,,,,,,,,,
,,503_168_M,0.04,0.3,8,0.1,1.6,3.1,0.4,2.7,,0.32,0.69,16,0.2,1.1,4.5,1.9,0.8,,1100,0,,,,,,,,,,,
,,503_168_M,2.11,0.7300000000000001,47,5.2,13.8,69.2,23.8,26.4,,4.5,17.48,543,15,43.8,78.9,26.2,31.799999999999997,,1200,0,,,,,,,,,,,
,,503_168_M,2.15,1.03,55,5.300000000000001,15.4,72.30000000000001,24.200000000000003,29.1,,4.819999999999999,18.169999999999998,559,15.200000000000001,44.9,83.4,28.1,32.6,,1300,0,,,,,,,,,,,
,,503_168_M,2.23,1.6300000000000001,71,5.5,18.6,78.5,25,34.5,,5.46,19.55,591,15.6,47.1,92.4,31.9,34.199999999999996,,1400,0,,,,,,,,,,,
,,503_168_M,2.27,1.9300000000000002,79,5.6000000000000005,20.2,81.60000000000001,25.400000000000002,37.2,,5.779999999999999,20.24,607,15.8,48.2,96.9,33.8,35,,1500,0,,,,,,,,,,,
,,503_168_M,< 2.11,< 0.73,< 47,< 5.2,< 13.8,< 69.2,< 23.8,< 26.4,,< 4.5,< 17.48,< 543,< 15,< 43.8,< 78.9,< 26.2,< 31.8,,1600,0,,,,,,,,,,,
,,503_168_M,2.11 - 2.14,0.73 - 1.02,47 - 54,5.2 - 5.2,13.8 - 15.3,69.2 - 72.2,23.8 - 24.1,26.4 - 29,,4.5 - 4.81,17.48 - 18.16,543 - 558,15 - 15.1,43.8 - 44.8,78.9 - 83.3,26.2 - 28,31.8 - 32.5,,1700,0,,,,,,,,,,,
,,503_168_M,2.15 - 2.23,1.03 - 1.63,55 - 71,5.3 - 5.5,15.4 - 18.6,72.3 - 78.5,24.2 - 25,29.1 - 34.5,,4.82 - 5.46,18.17 - 19.55,559 - 591,15.2 - 15.6,44.9 - 47.1,83.4 - 92.4,28.1 - 31.9,32.6 - 34.2,,1800,0,,,,,,,,,,,
,,503_168_M,2.24 - 2.27,1.64 - 1.93,72 - 79,5.6 - 5.6,18.7 - 20.2,78.6 - 81.6,25.1 - 25.4,34.6 - 37.2,,5.47 - 5.78,19.56 - 20.24,592 - 607,15.7 - 15.8,47.2 - 48.2,92.5 - 96.9,32 - 33.8,34.3 - 35,,1900,0,,,,,,,,,,,
,,503_168_M,> 2.27,> 1.93,> 79,> 5.6,> 20.2,> 81.6,> 25.4,> 37.2,,> 5.78,> 20.24,> 607,> 15.8,> 48.2,> 96.9,> 33.8,> 35,,2000,0,,,,,,,,,,,
,,,,,,,,,,,,,,,,,,,,,2100,0,,,,,,,,,,,
,,,,,,,,,,,,,,,,,,,,,2200,0,,,,,,,,,,,
,,,,,,,,,,,,,,,,,,,,,2300,0,,,,,,,,,,,
,,503_168,216,216,216,215,216,216,216,216,,217,217,217,217,217,217,217,217,,2400,0,,,,,,,,,,,
,,503_168_M,216,216,216,216,216,216,216,216,,217,217,217,217,217,217,217,217,,2500,0,,,,,,,,,,,
,,503_168_M,1.85,0.23,47,5.1,14.5,71.4,23.6,18.6,,2.21,1.41,5.68,5.3,16.7,75.6,24,28.3,,9900,0,,,,,,,,,,,
,,503_168_M,5.23,19.11,574,15.3,45.5,109.9,29.3,35.9,,5.55,23.16,729,15.8,54.7,110.6,38.3,36.9,,Total,217,,,,,,,,,,,
,,503_168_M,2.1948611111111127,1.4040277777777785,65.97222222222223,5.424398148148138,17.231018518518518,78.56342592592593,24.6949074074074,31.681481481481487,,5.113225806451609,16.725852534562208,572.1321658986175,15.308294930875576,46.008755760368665,90.4046082949309,30.059907834101377,33.304147465437815,,Count blank,0,,,,,,,,,,,
,,503_168_M,0.21396148135558407,1.2479985760153856,36.042470641209945,0.6800694963094676,2.6815148234706014,9.608063731759929,0.6485920283920492,2.9401992702013735,,0.39520354539642827,4.382114462601185,55.86870984902526,0.7073197621630601,2.6210626238290815,7.746562974930271,2.1752832916366387,1.1778556066025758,,N > 20,,,,,,,,,,,,
,,503_168_M,0.6418844440667522,3.7439957280461567,108.12741192362984,2.0402084889284025,8.044544470411804,28.824191195279788,1.9457760851761476,8.82059781060412,,1.1856106361892849,13.146343387803556,167.60612954707577,2.1219592864891803,7.863187871487245,23.239688924790812,6.525849874909916,3.5335668198077275,,N< 20,,,,,,,,,,,,
,,503_168_M,1.5529766670443605,-2.3399679502683783,-42.15518970140761,3.384189659219736,9.186474048106714,49.73923473064614,22.74913132223125,22.860883670877367,,3.9276151702623245,3.5795091467586513,404.52603635154173,13.186335644386396,38.145567888881416,67.16491937014008,23.53405795919146,29.770580645630087,,,,,,,,,,,,,,
,,503_168_M,2.836745555177865,5.148023505823935,174.09963414585206,7.464606637076541,25.27556298893032,107.38761712120572,26.64068349258355,40.50207929208561,,6.298836442640894,29.872195922365762,739.7382954456932,17.430254217364755,53.87194363185591,113.64429721972171,36.58575770901129,36.83771428524554,,,,,,,,,,,,,,
,,503_168_M,9.748292512562198,88.88702885854953,54.63279760351823,12.537234136134343,15.56213766811709,12.229690366124,2.626420167088781,9.280498047163558,,7.729045427600331,26.199647841842495,9.76500067275107,4.620499966566846,5.696877867075098,8.56877002293768,7.236493550285922,3.5366634375641173,,,,,,,,,,,,,,
,,,,,,,,,,,,,,,,,,,,,,,,,,,,,,,,,
,,503_168_M,2.19,1.4,66,5.4,17.2,78.6,24.7,31.7,,5.11,16.73,572,15.3,46,90.4,30.1,33.3,,,,,,,,,,,,,,
,,503_168_M,0.21,1.25,36,0.7,2.7,9.6,0.6,2.9,,0.4,4.38,56,0.7,2.6,7.7,2.2,1.2,,,,,,,,,,,,,,
,,503_168_M,1.77,-1.1,-6,4,11.799999999999999,59.39999999999999,23.5,25.9,,4.3100000000000005,7.970000000000001,460,13.9,40.8,75,25.700000000000003,30.9,,,,,,,,,,,,,,
,,503_168_M,1.98,0.1499999999999999,30,4.7,14.5,69,24.099999999999998,28.8,,4.71,12.350000000000001,516,14.600000000000001,43.4,82.7,27.900000000000002,32.099999999999994,,,,,,,,,,,,,,
,,503_168_M,2.4,2.65,102,6.1000000000000005,19.9,88.19999999999999,25.3,34.6,,5.510000000000001,21.11,628,16,48.6,98.10000000000001,32.300000000000004,34.5,,,,,,,,,,,,,,
,,503_168_M,2.61,3.9,138,6.800000000000001,22.6,97.8,25.9,37.5,,5.91,25.490000000000002,684,16.7,51.2,105.80000000000001,34.5,35.699999999999996,,,,,,,,,,,,,,
,,503_168_M,< 1.77,< -1.1,< -6,< 4,< 11.8,< 59.4,< 23.5,< 25.9,,< 4.31,< 7.97,< 460,< 13.9,< 40.8,< 75,< 25.7,< 30.9,,,,,,,,,,,,,,
,,503_168_M,1.77 - 1.97,-1.1 - 0.14,-6 - 29,4 - 4.6,11.8 - 14.4,59.4 - 68.9,23.5 - 24,25.9 - 28.7,,4.31 - 4.7,7.97 - 12.34,460 - 515,13.9 - 14.5,40.8 - 43.3,75 - 82.6,25.7 - 27.8,30.9 - 32,,,,,,,,,,,,,,
,,503_168_M,1.98 - 2.4,0.15 - 2.65,30 - 102,4.7 - 6.1,14.5 - 19.9,69 - 88.2,24.1 - 25.3,28.8 - 34.6,,4.71 - 5.51,12.35 - 21.11,516 - 628,14.6 - 16,43.4 - 48.6,82.7 - 98.1,27.9 - 32.3,32.1 - 34.5,,,,,,,,,,,,,,
,,503_168_M,2.41 - 2.61,2.66 - 3.9,103 - 138,6.2 - 6.8,20 - 22.6,88.3 - 97.8,25.4 - 25.9,34.7 - 37.5,,5.52 - 5.91,21.12 - 25.49,629 - 684,16.1 - 16.7,48.7 - 51.2,98.2 - 105.8,32.4 - 34.5,34.6 - 35.7,,,,,,,,,,,,,,
,,503_168_M,> 2.61,> 3.9,> 138,> 6.8,> 22.6,> 97.8,> 25.9,> 37.5,,> 5.91,> 25.49,> 684,> 16.7,> 51.2,> 105.8,> 34.5,> 35.7,,,,,,,,,,,,,,
,,,,,,,,,,,,,,,,,,,,,,,,,,,,,,,,,
,,500 all,2.19,1.72,64,5.4,16.9,74.7,24.6,31.7,,5.16,20.28,573,15.3,45.8,89.8,29.8,33.5,,,,,,,,,,,,,,
,,500 all,0.05,0.47,9,0.1,1.7,2.4,0.5,3.1,,0.33,1.53,23,0.2,1.3,7.9,2.1,0.9,,,,,,,,,,,,,,
,,,,,,,,,,,,,,,,,,,,,,,,,,,,,,,,,
,,,0.002753713563286057,0.020507577810739898,0.5520524474738834,0.006835859270246633,0.11041048949477668,0.22372322931098002,0.02753713563286057,0.18500095165343355,,0.021926038714481014,0.05230876500694433,1.1014854253144228,0.01363988678940947,0.07627127698096901,0.3290725908572088,0.130185854867231,0.05547001962252292,,,,,,,,,,,,,,
,,,0.012,0.09,2.4,0.03,0.48,0.9299999999999999,0.12,0.81,,0.096,0.207,4.8,0.06,0.33,1.3499999999999999,0.57,0.24,,,,,,,,,,,,,,
,,,pass,pass,pass,pass,pass,pass,pass,pass,,pass,pass,pass,pass,pass,pass,pass,pass,,,,,,,,,,,,,,
,,,,,,,,,,,,,,,,,,,,,,,,,,,,,,,,,
,,,2.19,1.33,63,5.4,17,75.4,24.6,31.8,,5.14,18.86,575,15.4,46,87.9,30,33.4,,,,,,,,,,,,,,
,,,0.04,0.3,8,0.1,1.6,3.1,0.4,2.7,,0.32,0.69,16,0.2,1.1,4.5,1.9,0.8,,,,,,,,,,,,,,
,,,1.8828602372813794,22.335690554552144,13.010389196693076,1.4947178318234948,9.578955849187475,4.094996288300798,1.778075771609209,8.633562869313176,,6.1747435503637735,3.6553475565218556,2.856299977367436,1.1522056497605413,2.4081629440967998,5.112857527398498,6.468480061909883,2.5157069602666513,,,,,,,,,,,,,,
,,,0.002753713563286057,0.020507577810739898,0.5520524474738834,0.006835859270246633,0.11041048949477668,0.22372322931098002,0.02753713563286057,0.18500095165343355,,0.021926038714481014,0.05230876500694433,1.1014854253144228,0.01363988678940947,0.07627127698096901,0.3290725908572088,0.130185854867231,0.05547001962252292,,,,,,,,,,,,,,
,,,,,,,,,,,,,,,,,,,,,,,,,,,,,,,,,
,,,2.19,0.04,1.8828602372813794,0.002753713563286057,,,,,,5.14,0.32,6.1747435503637735,0.021926038714481014,,,,,,,,,,,,,,,,,,
,,,1.33,0.3,22.335690554552144,0.020507577810739898,,,,,,18.86,0.69,3.6553475565218556,0.05230876500694433,,,,,,,,,,,,,,,,,,
,,,63,8,13.010389196693076,0.5520524474738834,,,,,,575,16,2.856299977367436,1.1014854253144228,,,,,,,,,,,,,,,,,,
,,,5.4,0.1,1.4947178318234948,0.006835859270246633,,,,,,15.4,0.2,1.1522056497605413,0.01363988678940947,,,,,,,,,,,,,,,,,,
,,,17,1.6,9.578955849187475,0.11041048949477668,,,,,,46,1.1,2.4081629440967998,0.07627127698096901,,,,,,,,,,,,,,,,,,
,,,75.4,3.1,4.094996288300798,0.22372322931098002,,,,,,87.9,4.5,5.112857527398498,0.3290725908572088,,,,,,,,,,,,,,,,,,
,,,24.6,0.4,1.778075771609209,0.02753713563286057,,,,,,30,1.9,6.468480061909883,0.130185854867231,,,,,,,,,,,,,,,,,,
,,,31.8,2.7,8.633562869313176,0.18500095165343355,,,,,,33.4,0.8,2.5157069602666513,0.05547001962252292,,,,,,,,,,,,,,,,,,
